userId,joined-date,active,birthday,gender
1,2013-12-11 16:47:33,1,1980-03-28,Male
2,2014-01-03 13:18:17,1,1987-11-03,Male
3,2014-01-17 20:10:39,1,1980-03-28,Male
4,2014-01-21 21:34:22,1,1982-10-29,Female
5,2014-02-12 20:22:48,1,0000-00-00,male
6,2014-02-20 15:55:16,1,1985-06-04,Female
7,2014-02-20 16:01:52,0,1983-10-27,Female
8,2014-03-01 20:37:41,1,1980-06-30,Male
9,2014-05-05 00:51:47,1,1988-01-02,Male
10,2014-05-09 22:28:20,1,0000-00-00,Male
11,2014-05-09 22:29:24,1,1963-09-18,Male
12,2014-05-13 16:10:00,1,1982-06-06,Male
13,2014-05-13 16:49:14,1,0000-00-00,Male
14,2014-05-14 21:47:48,1,1982-05-10,Male
15,2014-05-22 14:20:48,1,1978-04-03,Male
16,2014-05-23 18:05:54,0,0000-00-00,Male
17,2014-05-29 22:05:58,1,1992-09-10,Male
18,2014-06-05 18:04:07,1,0000-00-00,Male
19,2014-06-06 16:52:59,0,1985-09-01,Male
20,2014-06-11 12:57:51,1,0000-00-00,Female
21,2014-06-30 16:08:10,1,1987-11-03,Male
22,2014-07-01 22:01:35,1,1979-01-05,Male
23,2014-07-14 16:10:01,1,1974-10-09,Male
24,2014-07-28 15:19:35,1,1987-12-14,Female
25,2014-08-06 12:00:46,1,1995-07-06,Female
26,2014-09-01 13:11:57,0,1979-10-22,Female
27,2014-09-01 16:51:12,0,1989-10-07,Female
28,2014-09-01 17:26:06,1,1983-04-03,Female
29,2014-09-01 17:30:18,0,1983-04-03,Female
30,2014-09-01 18:22:22,0,1992-02-09,Female
31,2014-09-03 17:41:01,0,1966-01-01,Male
32,2014-09-04 12:50:15,0,1984-08-28,Female
33,2014-09-05 01:43:41,0,1993-10-03,Female
34,2014-09-05 09:55:28,1,1981-05-13,Male
35,2014-09-05 15:32:14,0,1982-05-04,Male
36,2014-09-06 12:36:55,0,2012-06-04,Male
37,2014-09-07 14:16:48,0,1991-01-20,Male
38,2014-09-07 22:15:35,0,1989-12-02,Female
39,2014-09-07 22:17:39,0,1989-12-02,Female
40,2014-09-08 16:13:49,0,1979-02-21,Male
41,2014-09-11 14:09:27,1,1977-01-28,Female
42,2014-09-11 18:15:36,0,1988-01-01,Female
43,2014-09-20 15:04:59,1,1982-09-23,Male
44,2014-09-20 16:05:50,1,1987-09-23,Male
45,2014-09-21 03:52:26,0,0000-00-00,Male
46,2014-09-21 21:05:02,0,0000-00-00,Male
47,2014-09-22 18:22:42,0,0000-00-00,Male
48,2014-10-12 00:19:23,1,1991-11-20,Female
49,2014-10-12 00:41:10,1,0000-00-00,Male
50,2014-10-17 13:02:56,1,0000-00-00,Male
51,2014-10-22 11:16:55,1,1986-06-11,Male
52,2014-10-31 11:28:08,0,1982-11-21,Female
53,2014-10-31 16:22:22,1,1988-08-27,Male
54,2014-10-31 17:00:23,1,1990-09-14,Female
55,2014-11-05 22:47:40,1,1982-11-30,Male
56,2014-11-07 13:45:58,1,0000-00-00,Male
57,2014-11-07 15:39:23,1,1990-11-30,Male
58,2014-11-09 16:22:58,1,0000-00-00,Male
59,2014-11-10 00:42:34,1,0000-00-00,Male
60,2014-11-10 08:31:58,1,1981-03-03,Female
61,2014-11-10 08:59:56,1,0000-00-00,Male
62,2014-11-10 10:10:14,0,1982-11-16,Male
63,2014-11-10 20:22:46,1,0000-00-00,Male
64,2014-11-11 09:45:14,1,1989-06-07,Male
65,2014-11-11 10:25:33,1,1984-12-06,Female
66,2014-11-11 12:03:17,1,1990-10-18,Female
67,2014-11-12 23:17:36,1,1987-10-17,Male
68,2014-11-13 14:23:42,1,1989-05-26,Female
69,2014-11-13 22:28:03,1,1993-01-26,Male
70,2014-11-14 09:29:11,1,0000-00-00,Male
71,2014-11-15 12:58:15,1,0000-00-00,Male
72,2014-11-15 17:24:31,1,0000-00-00,Male
73,2014-11-16 11:36:20,1,1981-12-08,Male
74,2014-11-16 14:53:06,1,1986-08-21,Female
75,2014-11-16 15:26:50,1,1983-10-28,Female
76,2014-11-17 22:19:09,0,1983-09-22,Male
77,2014-11-17 23:44:25,1,0000-00-00,Male
78,2014-11-18 09:29:21,1,1985-03-15,Female
79,2014-11-18 18:58:35,1,0000-00-00,Male
80,2014-11-18 19:24:46,1,1985-06-01,Female
81,2014-11-20 10:53:59,0,1978-02-11,Male
82,2014-11-21 11:14:31,1,0000-00-00,Male
83,2014-11-22 08:07:37,1,0000-00-00,Male
84,2014-11-22 20:17:26,1,1988-02-12,Male
85,2014-11-23 18:06:37,1,0000-00-00,Male
86,2014-11-24 14:46:03,0,1980-03-30,Female
87,2014-11-24 15:18:12,1,0000-00-00,Female
88,2014-11-24 16:37:52,1,0000-00-00,Female
89,2014-11-26 08:41:19,0,1988-01-24,Female
90,2014-11-27 20:48:48,1,1987-07-30,Female
91,2014-11-28 09:39:34,1,1987-12-26,Female
92,2014-11-28 10:33:08,0,1986-11-24,Female
93,2014-11-28 15:21:21,1,1989-11-03,Female
94,2014-11-28 23:00:57,0,1985-11-14,Male
95,2014-12-05 10:42:43,1,0000-00-00,Male
96,2014-12-07 15:39:27,1,1987-01-04,Male
97,2014-12-08 01:49:38,1,1990-03-06,Male
98,2014-12-08 13:11:03,0,1974-01-24,Male
99,2014-12-08 15:52:42,1,0000-00-00,Male
100,2014-12-09 07:33:35,1,1983-01-30,Male
101,2014-12-09 07:49:19,1,0000-00-00,Male
102,2014-12-09 08:02:01,1,0000-00-00,Male
103,2014-12-09 08:56:27,1,0000-00-00,Male
104,2014-12-09 09:16:08,1,1974-07-06,Male
105,2014-12-09 09:22:08,1,0000-00-00,Male
106,2014-12-09 09:43:31,1,0000-00-00,Male
107,2014-12-09 11:01:33,1,0000-00-00,Male
108,2014-12-09 12:45:02,0,1979-11-12,Male
109,2014-12-09 12:50:11,1,1989-05-29,Female
110,2014-12-09 13:18:28,1,1989-02-09,Male
111,2014-12-09 14:41:47,1,0000-00-00,Male
112,2014-12-09 15:32:46,1,1989-04-28,Male
113,2014-12-09 15:51:22,1,0000-00-00,Male
114,2014-12-09 17:01:39,1,1982-03-19,Male
115,2014-12-09 17:10:54,1,1982-03-03,Male
116,2014-12-09 23:21:05,1,1969-11-10,Male
117,2014-12-10 08:45:24,1,1983-09-25,Male
118,2014-12-10 09:57:22,1,1986-01-16,Female
119,2014-12-10 10:03:18,1,0000-00-00,Female
120,2014-12-10 10:55:25,1,1988-02-06,Female
121,2014-12-10 14:02:15,1,0000-00-00,Female
122,2014-12-10 14:32:24,1,1978-05-27,Male
123,2014-12-10 15:36:37,1,1973-08-01,Male
124,2014-12-10 16:18:32,1,1965-10-16,Male
125,2014-12-10 17:07:27,1,0000-00-00,Male
126,2014-12-11 08:02:22,1,0000-00-00,Male
127,2014-12-11 20:56:49,1,1971-01-06,Male
128,2014-12-12 11:08:32,1,1982-09-08,Male
129,2014-12-12 22:08:06,1,0000-00-00,Male
130,2014-12-12 22:09:38,1,1977-09-18,Male
131,2014-12-13 14:35:15,1,0000-00-00,Male
132,2014-12-13 22:35:16,1,1991-08-13,Female
133,2014-12-15 02:43:33,1,1967-05-16,Male
134,2014-12-16 11:59:20,1,1977-01-01,Male
135,2014-12-16 15:54:12,0,1983-05-17,Male
136,2014-12-16 16:03:22,1,1983-05-17,Male
137,2014-12-16 16:45:53,1,1962-06-02,Male
138,2014-12-16 16:50:39,1,1984-08-04,Male
139,2014-12-16 16:55:06,1,0000-00-00,Male
140,2014-12-16 17:00:50,1,0000-00-00,Male
141,2014-12-16 17:02:59,1,1987-02-22,Female
142,2014-12-16 17:15:28,0,1985-10-22,Female
143,2014-12-16 20:12:17,1,1984-05-16,Male
144,2014-12-16 21:07:17,1,1982-01-10,Male
145,2014-12-17 08:21:02,1,1986-10-25,Male
146,2014-12-17 08:23:10,0,1986-06-04,Male
147,2014-12-17 08:44:48,1,0000-00-00,Male
148,2014-12-17 08:49:06,1,1988-02-02,Female
149,2014-12-17 09:15:09,1,0000-00-00,Male
150,2014-12-17 09:39:49,1,1987-03-01,Male
151,2014-12-17 09:51:20,0,1987-03-01,Male
152,2014-12-17 09:55:36,1,1990-02-04,Male
153,2014-12-17 10:09:09,1,0000-00-00,Male
154,2014-12-17 10:09:28,1,1987-11-10,Male
155,2014-12-17 10:10:14,1,1984-12-10,Male
156,2014-12-17 10:11:50,1,1984-03-23,Male
157,2014-12-17 10:14:56,1,0000-00-00,Male
158,2014-12-17 10:27:42,1,0000-00-00,Male
159,2014-12-17 10:43:38,1,1985-08-06,Male
160,2014-12-17 10:56:38,1,0000-00-00,Male
161,2014-12-17 11:03:45,1,1986-06-22,Male
162,2014-12-17 11:51:24,1,0000-00-00,Male
163,2014-12-17 11:58:20,1,1984-06-10,Male
164,2014-12-17 12:05:53,1,0000-00-00,Male
165,2014-12-17 12:24:42,1,1990-12-23,Male
166,2014-12-17 12:57:06,0,1981-12-26,Male
167,2014-12-17 12:58:38,0,1982-03-18,Female
168,2014-12-17 12:59:45,1,1989-01-12,Male
169,2014-12-17 13:01:32,1,1967-10-02,Male
170,2014-12-17 13:07:33,1,1981-12-26,Male
171,2014-12-17 13:11:58,1,1977-12-18,Male
172,2014-12-17 13:22:31,1,1986-04-01,Male
173,2014-12-17 13:28:32,0,1969-08-22,Female
174,2014-12-17 13:30:07,0,1986-01-15,Female
175,2014-12-17 14:09:55,1,0000-00-00,Female
176,2014-12-17 14:51:47,0,1973-01-02,Male
177,2014-12-17 14:59:09,1,1988-04-28,Female
178,2014-12-17 15:11:18,0,1984-08-27,Male
179,2014-12-17 15:28:44,1,0000-00-00,Male
180,2014-12-17 15:39:35,0,1963-06-23,Female
181,2014-12-17 15:42:41,0,1984-06-14,Male
182,2014-12-17 15:43:26,1,0000-00-00,Male
183,2014-12-17 15:44:11,1,1983-04-05,Female
184,2014-12-17 15:45:33,1,1986-09-04,Female
185,2014-12-17 15:48:02,1,1975-04-03,Female
186,2014-12-17 16:17:57,0,1987-01-05,Female
187,2014-12-17 16:20:00,1,1980-01-01,Male
188,2014-12-17 16:38:45,1,1984-01-13,Male
189,2014-12-17 16:52:25,1,0000-00-00,Male
190,2014-12-17 17:02:39,1,0000-00-00,Male
191,2014-12-17 17:52:34,1,1968-01-18,Male
192,2014-12-17 18:05:29,0,1964-05-13,Male
193,2014-12-17 18:21:03,0,1988-09-23,Male
194,2014-12-17 18:33:41,1,1986-09-07,Male
195,2014-12-17 18:34:26,1,0000-00-00,Male
196,2014-12-17 18:54:07,1,1983-09-25,Male
197,2014-12-17 19:20:23,1,1988-12-15,Male
198,2014-12-17 19:36:59,0,1974-10-03,Male
199,2014-12-17 19:39:42,0,1987-02-12,Female
200,2014-12-17 19:42:25,1,1974-10-04,Male
201,2014-12-17 20:04:12,0,1989-05-08,Female
202,2014-12-17 20:06:23,0,1989-05-08,Female
203,2014-12-17 20:13:02,1,0000-00-00,Male
204,2014-12-17 21:14:53,1,1986-04-16,Male
205,2014-12-17 21:19:10,1,0000-00-00,Male
206,2014-12-17 21:52:46,1,0000-00-00,Male
207,2014-12-17 22:18:49,1,1990-11-17,Male
208,2014-12-17 23:00:50,1,0000-00-00,Male
209,2014-12-17 23:21:09,1,0000-00-00,Male
210,2014-12-18 00:05:40,0,1968-12-10,Male
211,2014-12-18 00:13:56,1,0000-00-00,Male
212,2014-12-18 00:31:27,0,1985-03-14,Male
213,2014-12-18 00:58:40,1,0000-00-00,Male
214,2014-12-18 03:15:10,0,1989-01-06,Male
215,2014-12-18 07:47:01,0,1985-09-07,Male
216,2014-12-18 07:48:00,1,0000-00-00,Male
217,2014-12-18 08:07:35,0,1984-11-16,Male
218,2014-12-18 08:27:50,1,1989-06-29,Male
219,2014-12-18 08:29:54,1,1974-05-12,Male
220,2014-12-18 08:34:21,1,1979-01-10,Male
221,2014-12-18 08:44:31,0,1980-11-11,Female
222,2014-12-18 08:48:47,0,1980-11-11,Female
223,2014-12-18 08:53:07,1,0000-00-00,Male
224,2014-12-18 08:57:03,1,0000-00-00,Male
225,2014-12-18 09:23:46,0,1987-03-20,Male
226,2014-12-18 09:30:37,1,0000-00-00,Male
227,2014-12-18 09:36:07,1,1980-11-30,Male
228,2014-12-18 09:48:00,1,1980-06-11,Male
229,2014-12-18 10:09:31,1,1983-11-09,Female
230,2014-12-18 10:10:54,1,0000-00-00,Male
231,2014-12-18 10:11:58,1,1967-10-25,Male
232,2014-12-18 10:17:19,1,1984-11-28,Female
233,2014-12-18 10:32:21,1,1980-04-14,Female
234,2014-12-18 10:36:27,0,1979-12-30,Male
235,2014-12-18 10:40:58,1,1987-11-10,Male
236,2014-12-18 11:02:17,0,1993-12-07,Female
237,2014-12-18 11:04:08,1,0000-00-00,Male
238,2014-12-18 11:13:31,1,0000-00-00,Male
239,2014-12-18 11:13:48,1,1980-09-25,Male
240,2014-12-18 11:37:57,1,1982-09-01,Male
241,2014-12-18 11:53:35,1,0000-00-00,Male
242,2014-12-18 12:01:26,1,0000-00-00,Male
243,2014-12-18 12:21:55,0,1981-10-01,Female
244,2014-12-18 12:31:59,1,1984-12-15,Male
245,2014-12-18 12:44:23,1,1985-02-22,Female
246,2014-12-18 12:51:21,0,1985-02-22,Female
247,2014-12-18 12:58:53,1,0000-00-00,Male
248,2014-12-18 14:06:43,1,0000-00-00,Male
249,2014-12-18 14:34:57,1,1985-09-19,Male
250,2014-12-18 14:40:37,1,1988-04-30,Female
251,2014-12-18 14:55:02,0,1986-01-15,Male
252,2014-12-18 14:59:29,0,1986-12-01,Male
253,2014-12-18 15:46:22,1,1984-01-21,Male
254,2014-12-18 15:52:18,1,1981-07-25,Male
255,2014-12-19 10:05:13,1,1976-03-24,Male
256,2014-12-19 10:39:12,1,1976-03-24,Male
257,2014-12-19 11:00:16,1,1980-12-02,Male
258,2014-12-19 11:17:45,1,0000-00-00,Male
259,2014-12-19 12:01:37,0,1983-10-21,Male
260,2014-12-19 13:18:10,0,1989-03-14,Female
261,2014-12-20 15:54:24,1,1976-10-06,Male
262,2014-12-20 20:54:09,1,0000-00-00,Male
263,2014-12-22 10:46:17,1,1989-05-28,Male
264,2014-12-26 10:04:48,1,1985-05-10,Male
265,2014-12-26 10:13:51,1,1985-08-15,Male
266,2014-12-26 19:50:41,0,1983-08-03,Male
267,2014-12-29 00:24:24,0,1991-05-17,Female
268,2014-12-30 15:25:21,0,1989-02-07,Male
269,2014-12-30 15:31:05,1,1989-02-07,Male
270,2014-12-30 16:55:42,1,1987-05-24,Male
271,2014-12-31 00:01:43,1,1984-11-30,Male
272,2014-12-31 23:28:04,1,1985-06-01,Male
273,2015-01-01 14:09:25,1,1980-11-29,Female
274,2015-01-02 05:20:59,1,1988-11-30,Male
275,2015-01-02 15:02:06,1,1985-06-02,Male
276,2015-01-02 15:03:25,1,1985-06-02,Male
277,2015-01-02 17:47:01,1,0000-00-00,Male
278,2015-01-03 12:06:07,1,0000-00-00,Male
279,2015-01-05 17:45:56,1,1983-02-02,Female
280,2015-01-06 08:07:03,1,1984-08-09,Male
281,2015-01-08 10:29:30,1,0000-00-00,Male
282,2015-01-08 21:02:44,1,0000-00-00,Male
283,2015-01-11 19:49:48,1,0000-00-00,Male
284,2015-01-13 13:19:04,1,1979-11-18,Male
285,2015-01-14 09:41:19,1,0000-00-00,Male
286,2015-01-14 17:52:47,0,1980-03-27,Female
287,2015-01-14 23:36:41,0,1991-05-26,Female
288,2015-01-16 19:26:08,1,1987-03-07,Female
289,2015-01-20 11:04:52,1,1976-12-10,Male
290,2015-01-20 14:10:39,1,1990-01-01,Female
291,2015-01-20 17:36:39,1,0000-00-00,Female
292,2015-01-26 12:46:01,1,0000-00-00,Female
293,2015-01-26 12:46:29,1,1985-06-04,Female
294,2015-01-27 19:01:08,1,1986-06-06,Female
295,2015-01-29 04:33:42,1,0000-00-00,Female
296,2015-01-29 19:07:08,1,1967-07-02,Male
297,2015-01-30 09:14:18,1,0000-00-00,Male
298,2015-01-30 09:41:15,1,1979-01-01,Male
299,2015-01-30 12:28:51,1,1986-11-22,Male
300,2015-02-02 11:12:31,1,0000-00-00,Male
301,2015-02-03 00:24:03,1,1981-02-10,Male
302,2015-02-04 08:03:36,1,1985-09-30,Male
303,2015-02-04 10:58:58,1,0000-00-00,Male
304,2015-02-04 14:52:25,0,1985-03-13,Female
305,2015-02-05 08:59:11,1,0000-00-00,Female
306,2015-02-05 09:19:19,1,0000-00-00,Male
307,2015-02-06 12:21:46,1,0000-00-00,Male
308,2015-02-07 14:36:39,1,1981-07-17,Male
309,2015-02-07 15:26:01,1,0000-00-00,Male
310,2015-02-10 17:45:50,1,0000-00-00,Male
311,2015-02-15 14:36:41,1,1989-11-27,Male
312,2015-02-16 19:02:51,1,1975-04-16,Male
313,2015-02-17 15:36:08,1,0000-00-00,Female
314,2015-02-18 12:19:01,1,1984-08-21,Male
315,2015-02-18 22:19:58,1,1991-04-15,Female
316,2015-02-19 07:54:26,1,1986-10-01,Female
317,2015-02-19 17:30:00,0,1989-08-26,Female
318,2015-02-20 12:11:49,1,1993-02-27,Male
319,2015-02-21 21:51:40,0,1968-05-02,Male
320,2015-02-24 09:07:56,1,1935-10-01,Female
321,2015-02-25 18:27:22,0,1991-08-12,Male
322,2015-02-25 18:28:13,1,1991-08-12,Male
323,2015-02-25 18:56:49,1,1985-07-09,Male
324,2015-02-25 19:36:04,1,1986-03-10,Male
325,2015-02-25 23:30:28,1,1988-04-03,Male
326,2015-02-26 10:36:45,1,1992-01-02,Female
327,2015-02-26 13:46:19,1,1985-01-01,Female
328,2015-02-26 15:29:09,1,0000-00-00,Male
329,2015-02-26 16:11:04,1,1977-08-26,Female
330,2015-02-26 22:37:55,1,0000-00-00,Female
331,2015-02-27 10:10:43,1,0000-00-00,Female
332,2015-02-27 12:06:46,1,0000-00-00,Female
333,2015-03-01 16:48:27,1,1988-09-16,Female
334,2015-03-01 22:07:41,1,0000-00-00,Female
335,2015-03-01 23:38:48,0,1977-01-01,Male
336,2015-03-02 12:51:49,1,0000-00-00,Male
337,2015-03-02 14:29:21,1,1989-01-04,Female
338,2015-03-02 14:43:01,1,1991-04-03,Female
339,2015-03-02 21:50:37,1,1990-11-02,Male
340,2015-03-03 07:38:35,1,1976-09-10,Female
341,2015-03-03 13:25:01,1,1989-09-19,Female
342,2015-03-03 16:09:06,1,1970-02-20,Male
343,2015-03-04 08:19:37,1,1989-09-19,Female
344,2015-03-04 13:34:16,1,1975-11-01,Male
345,2015-03-05 18:09:03,0,1988-09-06,Male
346,2015-03-09 10:40:20,1,0000-00-00,Male
347,2015-03-09 11:06:34,0,1988-02-02,Male
348,2015-03-09 12:44:49,1,1988-04-22,Female
349,2015-03-09 13:16:24,1,0000-00-00,Male
350,2015-03-09 16:44:17,1,1955-08-18,Male
351,2015-03-09 18:35:30,1,0000-00-00,Male
352,2015-03-10 19:03:20,1,1991-04-01,Male
353,2015-03-11 06:24:11,1,1984-02-27,Male
354,2015-03-11 21:50:13,1,1965-01-25,Male
355,2015-03-12 12:37:10,1,1978-10-09,Female
356,2015-03-12 15:43:36,0,1982-09-23,Female
357,2015-01-19 12:28:53,1,1978-05-26,Female
358,2015-03-13 12:35:54,1,1990-05-02,Female
359,2015-03-13 15:30:53,1,1978-09-26,Male
360,2015-03-14 11:29:33,1,1986-03-11,Female
361,2015-03-15 08:34:16,1,1984-03-30,Female
362,2015-03-15 13:52:18,1,1955-11-14,Male
363,2015-03-16 12:38:56,1,0000-00-00,Male
364,2015-03-16 21:28:09,1,1986-06-06,Female
365,2015-03-17 12:14:00,0,1990-02-02,Female
366,2015-03-17 12:16:43,1,1990-02-02,Female
367,2015-03-17 14:09:37,1,1994-08-14,Male
368,2015-03-20 12:54:38,1,1986-12-02,Female
369,2015-03-20 13:09:14,1,1986-12-02,Female
370,2015-03-21 16:00:45,1,1982-10-10,Male
371,2015-03-23 11:06:36,1,1978-08-14,Female
372,2015-03-23 12:31:12,1,1966-07-09,Female
373,2015-03-23 12:36:05,1,0000-00-00,Female
374,2015-03-23 22:49:53,1,0000-00-00,Female
375,2015-03-24 14:10:46,1,0000-00-00,Female
376,2015-03-24 22:21:31,0,1991-09-24,Female
377,2015-03-26 12:11:37,0,1992-04-23,Male
378,2015-03-26 12:18:06,1,1992-04-23,Male
379,2015-03-26 15:35:32,1,1999-03-05,Female
380,2015-03-26 18:57:03,1,1986-03-14,Male
381,2015-03-28 17:47:22,1,1989-01-21,Female
382,2015-03-29 21:27:10,1,1967-07-20,Male
383,2015-03-30 11:10:40,1,0000-00-00,Male
384,2015-03-31 07:21:13,1,0000-00-00,Male
385,2015-03-31 10:15:02,1,1987-11-18,Male
386,2015-03-31 12:29:32,1,1984-12-19,Male
387,2015-03-31 16:35:08,1,1990-12-12,Female
388,2015-03-31 18:18:14,1,1992-04-01,Female
389,2015-04-01 14:30:21,1,0000-00-00,Female
390,2015-04-01 21:41:38,1,1991-05-05,Male
391,2015-04-01 22:36:04,1,0000-00-00,Male
392,2015-04-01 22:44:31,1,0000-00-00,Male
393,2015-04-01 23:07:23,0,1987-10-06,Male
394,2015-04-02 01:30:45,1,0000-00-00,Male
395,2015-04-02 02:18:00,1,0000-00-00,Male
396,2015-04-02 09:34:01,1,1992-12-31,Female
397,2015-04-02 10:07:57,1,0000-00-00,Female
398,2015-04-02 12:05:09,0,1985-06-08,Female
399,2015-04-02 12:19:45,1,1985-06-08,Female
400,2015-04-02 16:50:40,1,1982-09-23,Female
401,2015-04-02 18:23:13,1,1989-06-06,Male
402,2015-04-02 19:50:17,1,0000-00-00,Male
403,2015-04-02 21:33:10,1,1984-12-31,Male
404,2015-04-02 22:27:25,1,0000-00-00,Male
405,2015-04-03 02:27:50,1,0000-00-00,Male
406,2015-04-03 02:34:53,0,1992-05-22,Male
407,2015-04-04 14:18:36,1,1991-08-09,Male
408,2015-04-05 14:07:40,1,0000-00-00,Male
409,2015-04-06 13:10:04,1,1992-01-14,Female
410,2015-04-07 10:02:55,1,1971-02-04,Female
411,2015-04-07 14:18:18,0,1992-03-14,Female
412,2015-04-08 13:26:35,1,1992-10-24,Female
413,2015-04-08 16:46:38,1,1990-11-06,Male
414,2015-04-08 23:11:23,1,1983-07-17,Male
415,2015-04-10 09:15:25,1,1989-07-21,Female
416,2015-04-10 19:36:36,1,0000-00-00,Female
417,2015-04-10 19:41:30,0,1992-05-20,Female
418,2015-04-12 18:26:43,1,0000-00-00,Female
419,2015-04-13 16:35:29,1,1985-12-13,Male
420,2015-04-13 18:56:48,0,1993-11-29,Female
421,2015-04-14 08:31:14,1,1987-01-02,Female
422,2015-04-14 10:23:09,1,1986-09-25,Female
423,2015-04-14 10:28:49,1,1986-09-25,Female
424,2015-04-14 11:52:03,1,0000-00-00,Female
425,2015-04-14 17:58:48,0,1986-04-23,Female
426,2015-04-15 14:52:18,1,1989-01-10,Female
427,2015-04-15 16:26:44,1,1976-09-01,Female
428,2015-04-15 17:07:51,1,0000-00-00,Female
429,2015-04-17 10:12:57,1,0000-00-00,Female
430,2015-04-20 18:17:35,1,1985-01-23,Male
431,2015-04-23 09:05:02,1,1990-12-08,Male
432,2015-04-23 18:08:48,1,1989-01-10,Male
433,2015-04-23 20:03:45,1,1983-04-18,Female
434,2015-04-23 20:04:04,1,1984-01-06,Male
435,2015-04-23 20:06:09,1,1985-10-11,Female
436,2015-04-23 20:06:13,1,1983-06-19,Male
437,2015-04-23 20:07:09,1,1987-02-07,Female
438,2015-04-23 20:09:26,1,1987-03-11,Female
439,2015-04-23 20:09:39,0,1992-10-22,Female
440,2015-04-23 20:10:39,1,1985-12-13,Male
441,2015-04-23 20:11:29,1,1979-06-27,Male
442,2015-04-23 20:15:53,1,1985-01-12,Female
443,2015-04-23 20:17:24,1,1986-10-05,Male
444,2015-04-23 20:26:05,0,1982-09-14,Male
445,2015-04-23 20:26:15,1,1988-11-30,Male
446,2015-04-23 20:29:38,0,1989-09-23,Male
447,2015-04-23 20:47:33,1,0000-00-00,Male
448,2015-04-23 20:54:30,1,1985-11-07,Male
449,2015-04-23 21:19:42,1,1991-11-14,Female
450,2015-04-23 21:26:02,1,1972-08-10,Male
451,2015-04-23 21:47:05,0,1985-11-10,Male
452,2015-04-23 21:55:59,1,1986-07-13,Female
453,2015-04-23 22:04:03,1,1985-07-10,Male
454,2015-04-23 22:30:53,1,1992-02-05,Female
455,2015-04-24 10:16:09,1,1988-08-15,Male
456,2015-04-24 10:41:19,0,1981-12-25,Male
457,2015-04-24 11:34:43,1,0000-00-00,Male
458,2015-04-24 12:07:26,1,0000-00-00,Male
459,2015-04-24 12:20:17,1,1989-06-01,Female
460,2015-04-24 12:22:18,1,1982-09-15,Male
461,2015-04-24 12:47:28,1,1987-08-07,Female
462,2015-04-24 12:52:45,1,0000-00-00,Female
463,2015-04-24 12:56:05,1,1992-04-02,Male
464,2015-04-24 12:59:23,0,1988-02-12,Female
465,2015-04-24 13:00:30,1,1982-10-08,Male
466,2015-04-24 13:13:37,0,1985-04-10,Female
467,2015-04-24 13:59:40,1,1984-08-20,Female
468,2015-04-24 14:20:11,0,1986-09-12,Male
469,2015-04-24 14:20:41,1,1988-07-07,Female
470,2015-04-24 15:10:20,1,1988-03-19,Female
471,2015-04-24 15:16:14,1,1985-03-16,Female
472,2015-04-24 15:47:57,1,1976-06-16,Female
473,2015-04-24 15:58:16,1,0000-00-00,Female
474,2015-04-24 16:35:37,1,1991-09-05,Male
475,2015-04-24 16:40:07,1,1991-09-05,Male
476,2015-04-24 16:53:58,1,1988-10-13,Male
477,2015-04-24 17:00:17,1,1991-09-26,Female
478,2015-04-24 18:18:24,1,1983-09-11,Female
479,2015-04-24 18:27:24,1,1988-02-12,Female
480,2015-04-24 18:36:23,1,1985-10-27,Male
481,2015-04-24 18:42:28,1,1985-02-18,Male
482,2015-04-24 18:47:06,0,1980-06-24,Male
483,2015-04-24 18:49:29,0,1985-10-27,Male
484,2015-04-24 19:05:42,1,0000-00-00,Male
485,2015-04-24 19:17:53,1,1990-09-24,Female
486,2015-04-24 19:23:50,1,1989-08-11,Female
487,2015-04-24 20:00:36,1,0000-00-00,Female
488,2015-04-24 20:05:23,0,1994-03-12,Female
489,2015-04-24 20:07:31,0,1989-11-18,Male
490,2015-04-24 20:07:46,0,1987-03-15,Male
491,2015-04-24 20:07:54,0,1991-09-03,Male
492,2015-04-24 20:09:08,1,1984-08-13,Male
493,2015-04-24 20:11:16,1,1985-06-16,Male
494,2015-04-24 20:14:34,1,1987-03-15,Male
495,2015-04-24 20:16:29,1,0000-00-00,Male
496,2015-04-24 20:23:27,1,0000-00-00,Male
497,2015-04-24 20:24:39,0,1990-12-12,Male
498,2015-04-24 20:31:27,1,1984-09-22,Female
499,2015-04-24 20:33:29,1,1985-10-02,Male
500,2015-04-24 20:39:00,1,0000-00-00,NULL
501,2015-04-24 20:48:34,0,1981-06-14,Male
502,2015-04-24 21:18:04,1,1983-08-13,Male
503,2015-04-24 21:23:45,0,1985-02-19,Female
504,2015-04-24 21:26:48,1,1985-02-15,Female
505,2015-04-24 21:35:34,0,1988-10-09,Female
506,2015-04-24 22:27:40,0,1983-12-23,Female
507,2015-04-24 22:50:18,0,1986-02-07,Female
508,2015-04-24 23:13:39,1,1989-03-10,Female
509,2015-04-24 23:48:17,1,1989-12-15,Female
510,2015-04-25 00:01:00,1,1982-06-02,Male
511,2015-04-25 00:34:50,1,1986-08-03,Male
512,2015-04-25 02:06:04,1,1988-05-06,Female
513,2015-04-25 06:24:07,1,1975-02-01,Male
514,2015-04-25 07:55:18,1,0000-00-00,Male
515,2015-04-25 10:11:44,1,1969-08-02,Male
516,2015-04-25 10:41:28,1,1992-01-23,Female
517,2015-04-25 11:21:05,1,1980-03-03,Male
518,2015-04-25 11:21:59,0,1991-01-12,Male
519,2015-04-25 11:31:26,1,1990-06-11,Male
520,2015-04-25 12:25:10,1,1984-10-05,Male
521,2015-04-25 12:54:50,1,1987-09-03,Male
522,2015-04-25 13:38:33,1,1984-05-13,Male
523,2015-04-25 13:41:58,1,1985-05-13,Male
524,2015-04-25 13:42:18,1,1981-03-18,Male
525,2015-04-25 15:02:09,1,1991-11-16,Female
526,2015-04-25 15:21:39,1,1990-01-02,Female
527,2015-04-25 16:32:24,1,1987-11-12,Female
528,2015-04-25 16:44:41,1,1988-06-04,Male
529,2015-04-25 18:59:35,1,1992-07-18,Male
530,2015-04-25 19:01:06,1,1986-05-15,Male
531,2015-04-25 19:23:22,1,1987-08-10,Male
532,2015-04-25 20:03:21,1,1985-11-22,Male
533,2015-04-25 20:04:29,1,1986-03-15,Male
534,2015-04-25 20:07:37,1,1987-12-12,Male
535,2015-04-25 20:09:10,1,1978-08-04,Male
536,2015-04-25 20:10:03,0,1988-10-16,Female
537,2015-04-25 20:10:33,1,1977-11-10,Male
538,2015-04-25 20:13:03,1,1985-02-23,Female
539,2015-04-25 20:13:10,0,1990-06-13,Male
540,2015-04-25 20:13:30,1,1986-12-24,Female
541,2015-04-25 20:14:17,1,1984-05-06,Male
542,2015-04-25 20:14:47,0,1991-02-04,Female
543,2015-04-25 20:14:48,1,1991-10-06,Female
544,2015-04-25 20:21:42,0,1990-05-08,Male
545,2015-04-25 20:22:52,1,1987-05-09,Female
546,2015-04-25 20:23:06,1,1986-12-20,Male
547,2015-04-25 20:23:31,1,1988-12-13,Female
548,2015-04-25 20:24:56,1,1984-11-20,Female
549,2015-04-25 20:25:35,1,1985-01-10,Male
550,2015-04-25 20:26:25,0,1989-11-03,Female
551,2015-04-25 20:30:47,1,1991-03-23,Male
552,2015-04-25 20:34:39,0,1988-03-06,Female
553,2015-04-25 20:36:48,1,1989-11-27,Female
554,2015-04-25 20:39:52,1,0000-00-00,Female
555,2015-04-25 20:52:44,0,1988-12-12,Male
556,2015-04-25 21:00:19,1,1978-08-26,Male
557,2015-04-25 21:02:13,1,0000-00-00,Male
558,2015-04-25 21:14:02,1,1982-03-21,Male
559,2015-04-25 21:21:47,0,1991-01-30,Male
560,2015-04-25 21:23:46,1,1991-01-23,Male
561,2015-04-25 21:31:09,1,0000-00-00,NULL
562,2015-04-25 21:36:24,1,1982-04-22,Male
563,2015-04-25 21:36:30,0,1983-01-19,Female
564,2015-04-25 21:37:37,1,1988-08-25,Male
565,2015-04-25 21:45:53,1,1986-04-08,Male
566,2015-04-25 21:52:23,1,1980-10-14,Male
567,2015-04-25 22:00:19,0,1987-09-19,Male
568,2015-04-25 22:10:08,0,1985-10-14,Male
569,2015-04-25 22:11:13,0,1993-05-07,Male
570,2015-04-25 22:14:59,0,1993-05-07,Male
571,2015-04-25 22:23:04,0,1993-04-02,Female
572,2015-04-25 22:34:57,1,1981-12-28,Male
573,2015-04-25 22:59:31,0,1989-01-02,Male
574,2015-04-25 23:05:40,0,1986-04-02,Male
575,2015-04-25 23:27:30,1,1987-04-26,Female
576,2015-04-25 23:36:27,0,1989-03-03,Female
577,2015-04-25 23:43:15,0,1989-03-03,Female
578,2015-04-25 23:53:09,0,1984-03-10,Male
579,2015-04-26 00:06:24,1,0000-00-00,Male
580,2015-04-26 00:40:12,0,1986-05-17,Male
581,2015-04-26 00:45:56,1,1986-05-17,Male
582,2015-04-26 01:05:21,1,1985-12-06,Male
583,2015-04-26 01:11:14,0,1989-03-03,Female
584,2015-04-26 09:23:18,1,1989-09-25,Female
585,2015-04-26 10:26:42,1,1988-03-09,Male
586,2015-04-26 10:52:01,1,1989-09-25,Male
587,2015-04-26 11:11:08,1,1986-01-07,Female
588,2015-04-26 11:27:50,1,1986-05-15,Male
589,2015-04-26 11:37:29,1,1984-01-26,Male
590,2015-04-26 12:26:30,1,1979-01-01,Male
591,2015-04-26 12:29:11,1,0000-00-00,Male
592,2015-04-26 13:53:47,0,1980-02-10,Male
593,2015-04-26 15:14:16,0,1989-01-08,Male
594,2015-04-26 16:33:22,0,1989-06-25,Female
595,2015-04-26 16:52:52,0,1986-10-14,Male
596,2015-04-26 17:25:01,0,1989-10-10,Male
597,2015-04-26 17:33:36,1,1976-02-15,Male
598,2015-04-26 18:02:16,1,1984-01-12,Male
599,2015-04-26 18:13:14,1,1983-05-17,Male
600,2015-04-26 18:21:03,0,1985-02-06,Male
601,2015-04-26 18:35:02,1,0000-00-00,Male
602,2015-04-26 18:58:38,1,1987-03-10,Male
603,2015-04-26 19:56:56,1,0000-00-00,Male
604,2015-04-26 20:05:34,1,1994-01-13,Male
605,2015-04-26 20:06:20,1,1974-04-06,Female
606,2015-04-26 20:06:31,1,1987-10-20,Female
607,2015-04-26 20:06:40,1,1987-07-04,Female
608,2015-04-26 20:08:18,0,1978-11-13,Male
609,2015-04-26 20:10:36,1,1978-02-05,Male
610,2015-04-26 20:10:48,1,1987-04-09,Female
611,2015-04-26 20:16:21,1,1992-05-14,Male
612,2015-04-26 20:16:46,0,1994-01-13,Male
613,2015-04-26 20:17:58,1,1980-08-09,Female
614,2015-04-26 20:19:09,1,1992-04-22,Female
615,2015-04-26 20:26:06,1,1987-01-01,Female
616,2015-04-26 20:29:45,0,1986-09-16,Male
617,2015-04-26 20:31:21,1,0000-00-00,Male
618,2015-04-26 20:44:02,1,1987-12-31,Male
619,2015-04-26 20:44:12,0,1993-04-06,Male
620,2015-04-26 20:46:59,1,1990-12-14,Female
621,2015-04-26 20:55:41,1,1986-07-08,Female
622,2015-04-26 21:07:30,1,2023-10-08,Female
623,2015-04-26 21:15:37,0,1992-09-05,Female
624,2015-04-26 21:26:20,0,1979-01-16,Male
625,2015-04-26 21:39:55,1,1984-09-15,Male
626,2015-04-26 22:23:15,1,1989-01-01,Male
627,2015-04-26 22:31:22,0,1990-07-30,Female
628,2015-04-26 22:45:35,0,1988-02-10,Male
629,2015-04-26 23:22:18,1,1990-04-01,Female
630,2015-04-26 23:22:43,1,1985-01-02,Male
631,2015-04-26 23:24:05,1,1992-11-18,Female
632,2015-04-26 23:24:36,1,1989-01-24,Male
633,2015-04-26 23:24:47,1,1983-08-26,Male
634,2015-04-26 23:30:59,1,1990-01-14,Male
635,2015-04-26 23:36:40,1,0000-00-00,Male
636,2015-04-26 23:39:08,1,1985-02-25,Male
637,2015-04-26 23:51:51,0,1989-02-07,Male
638,2015-04-26 23:54:41,1,1981-07-13,Male
639,2015-04-26 23:55:37,1,1990-08-27,Male
640,2015-04-26 23:56:04,1,1989-03-07,Male
641,2015-04-26 23:56:53,1,1975-11-15,Female
642,2015-04-26 23:57:20,1,1986-12-28,Male
643,2015-04-27 00:02:38,0,1988-03-11,Male
644,2015-04-27 00:19:34,1,0000-00-00,Male
645,2015-04-27 00:23:44,1,1986-05-31,Male
646,2015-04-27 00:25:11,0,1988-11-10,Male
647,2015-04-27 00:41:24,1,1992-08-28,Male
648,2015-04-27 00:52:11,1,0000-00-00,Male
649,2015-04-27 00:55:39,1,1986-02-22,Male
650,2015-04-27 02:04:12,1,1987-08-09,Male
651,2015-04-27 04:44:20,1,1987-11-27,Male
652,2015-04-27 06:02:27,1,1987-09-02,Female
653,2015-04-27 06:20:40,1,0000-00-00,Female
654,2015-04-27 06:43:24,1,1987-04-20,Female
655,2015-04-27 07:08:52,1,1976-04-21,Female
656,2015-04-27 07:42:31,1,0000-00-00,Female
657,2015-04-27 07:56:08,1,1987-03-10,Female
658,2015-04-27 08:02:44,1,1989-04-09,Male
659,2015-04-27 08:11:07,1,0000-00-00,Male
660,2015-04-27 08:13:24,1,1983-04-23,Male
661,2015-04-27 08:13:54,1,0000-00-00,Male
662,2015-04-27 08:19:13,1,1988-07-19,Male
663,2015-04-27 08:20:48,1,1981-01-20,Male
664,2015-04-27 08:24:47,0,1980-01-05,Male
665,2015-04-27 08:26:18,1,1982-05-05,Male
666,2015-04-27 08:37:07,1,1984-10-05,Male
667,2015-04-27 08:37:39,1,1987-10-28,Male
668,2015-04-27 08:38:00,1,0000-00-00,Male
669,2015-04-27 08:40:20,1,0000-00-00,Male
670,2015-04-27 08:40:22,0,1984-10-10,Female
671,2015-04-27 08:41:23,1,1991-01-03,Male
672,2015-04-27 08:42:52,1,1989-09-04,Male
673,2015-04-27 08:44:19,1,1984-10-10,Female
674,2015-04-27 08:46:07,1,1979-06-28,Male
675,2015-04-27 08:49:37,1,1985-02-17,Male
676,2015-04-27 08:49:56,1,1990-02-09,Female
677,2015-04-27 08:50:32,0,1970-03-01,Female
678,2015-04-27 08:51:18,0,1989-08-20,Female
679,2015-04-27 08:52:12,1,0000-00-00,Female
680,2015-04-27 08:53:08,0,1991-01-26,Male
681,2015-04-27 08:57:13,0,1987-09-10,Female
682,2015-04-27 09:00:16,1,1981-08-02,Male
683,2015-04-27 09:05:32,0,1986-12-09,Female
684,2015-04-27 09:05:47,1,0000-00-00,Female
685,2015-04-27 09:08:50,1,1980-03-31,Male
686,2015-04-27 09:09:50,1,1986-01-17,Male
687,2015-04-27 09:10:09,1,1986-03-08,Male
688,2015-04-27 09:11:28,0,1983-11-21,Male
689,2015-04-27 09:11:57,1,1983-02-11,Female
690,2015-04-27 09:13:55,1,1983-11-21,Male
691,2015-04-27 09:15:35,1,1990-01-05,Male
692,2015-04-27 09:20:48,0,1973-01-24,Male
693,2015-04-27 09:27:27,1,1987-03-10,Male
694,2015-04-27 09:27:29,1,1987-01-30,Female
695,2015-04-27 09:28:55,1,1982-03-17,Male
696,2015-04-27 09:30:17,1,1987-07-06,Female
697,2015-04-27 09:30:20,1,1982-08-19,Female
698,2015-04-27 09:32:09,1,1987-09-17,Male
699,2015-04-27 09:32:46,0,1971-05-20,Male
700,2015-04-27 09:36:55,1,0000-00-00,Male
701,2015-04-27 09:37:09,0,1987-03-10,Male
702,2015-04-27 09:39:53,1,1985-01-01,Male
703,2015-04-27 09:40:06,1,1981-04-18,Female
704,2015-04-27 09:43:30,1,1986-08-10,Female
705,2015-04-27 09:44:12,0,1982-01-18,Female
706,2015-04-27 09:44:50,1,1986-01-09,Male
707,2015-04-27 09:46:23,1,1990-08-15,Male
708,2015-04-27 09:47:15,0,1989-06-20,Female
709,2015-04-27 09:48:05,0,1986-12-09,Female
710,2015-04-27 09:50:31,1,1982-12-26,Male
711,2015-04-27 09:51:24,1,1978-01-30,Female
712,2015-04-27 09:53:20,0,1982-11-10,Female
713,2015-04-27 09:53:53,1,1973-11-12,Male
714,2015-04-27 09:55:14,1,1982-04-28,Male
715,2015-04-27 10:00:00,0,1983-05-08,Male
716,2015-04-27 10:00:03,1,1989-06-20,Female
717,2015-04-27 10:01:24,1,1992-02-02,Male
718,2015-04-27 10:01:38,0,1990-09-17,Female
719,2015-04-27 10:02:39,0,1985-10-30,Male
720,2015-04-27 10:04:02,1,1983-03-02,Male
721,2015-04-27 10:04:04,1,1988-10-29,Female
722,2015-04-27 10:04:09,1,1979-01-21,Male
723,2015-04-27 10:04:10,0,1982-05-21,Female
724,2015-04-27 10:06:23,1,0000-00-00,Female
725,2015-04-27 10:09:22,1,1982-05-21,Female
726,2015-04-27 10:09:40,0,1973-12-25,Female
727,2015-04-27 10:12:50,0,1976-03-19,Male
728,2015-04-27 10:13:02,0,1986-04-01,Male
729,2015-04-27 10:13:15,1,1990-09-15,Female
730,2015-04-27 10:15:23,1,0000-00-00,Female
731,2015-04-27 10:15:55,1,1981-12-06,Male
732,2015-04-27 10:16:05,1,1991-07-28,Male
733,2015-04-27 10:16:43,1,0000-00-00,Male
734,2015-04-27 10:19:32,1,1986-01-27,Male
735,2015-04-27 10:19:53,1,1986-12-14,Female
736,2015-04-27 10:20:18,1,1983-06-15,Male
737,2015-04-27 10:20:54,0,1989-08-20,Female
738,2015-04-27 10:21:29,1,1980-03-01,Male
739,2015-04-27 10:24:03,1,1989-05-17,Male
740,2015-04-27 10:26:32,1,1988-12-27,Female
741,2015-04-27 10:28:20,0,1988-01-22,Male
742,2015-04-27 10:32:16,1,1987-04-12,Male
743,2015-04-27 10:33:13,1,1989-07-26,Male
744,2015-04-27 10:34:27,1,1991-04-27,Male
745,2015-04-27 10:36:31,1,1988-03-13,Female
746,2015-04-27 10:36:51,1,1992-10-25,Female
747,2015-04-27 10:37:24,1,1989-10-18,Male
748,2015-04-27 10:42:00,0,1987-03-12,Male
749,2015-04-27 10:43:04,1,0000-00-00,Male
750,2015-04-27 10:45:21,0,1977-04-30,Male
751,2015-04-27 10:45:51,0,1977-01-05,Female
752,2015-04-27 10:46:31,1,1981-08-08,Male
753,2015-04-27 10:48:34,1,1986-02-11,Female
754,2015-04-27 10:50:06,1,1992-06-15,Male
755,2015-04-27 10:51:04,1,1992-06-14,Female
756,2015-04-27 10:51:34,1,1982-10-10,Male
757,2015-04-27 10:52:28,1,1983-08-09,Male
758,2015-04-27 10:52:50,1,1987-12-11,Male
759,2015-04-27 10:53:05,0,1988-03-13,Female
760,2015-04-27 10:53:51,0,1987-04-14,Female
761,2015-04-27 10:54:34,0,1983-08-03,Male
762,2015-04-27 10:55:49,0,1986-01-07,Male
763,2015-04-27 10:57:08,1,1986-04-14,Female
764,2015-04-27 10:57:12,0,1988-11-23,Male
765,2015-04-27 11:01:16,0,1984-12-20,Male
766,2015-04-27 11:02:28,1,0000-00-00,Male
767,2015-04-27 11:02:36,1,1989-07-13,Female
768,2015-04-27 11:06:03,1,1985-06-25,Male
769,2015-04-27 11:12:13,1,1977-12-19,Male
770,2015-04-27 11:14:00,1,1979-05-13,Female
771,2015-04-27 11:14:45,1,1987-06-19,Male
772,2015-04-27 11:15:07,1,1990-03-16,Male
773,2015-04-27 11:16:40,1,0000-00-00,Male
774,2015-04-27 11:17:44,1,1986-05-09,Male
775,2015-04-27 11:19:46,1,1986-11-06,Male
776,2015-04-27 11:21:00,1,1987-06-30,Male
777,2015-04-27 11:24:23,1,1989-01-09,Female
778,2015-04-27 11:27:37,0,1973-07-25,Male
779,2015-04-27 11:28:04,1,1990-02-07,Male
780,2015-04-27 11:28:44,1,0000-00-00,Male
781,2015-04-27 11:29:32,0,1990-08-07,Male
782,2015-04-27 11:32:36,0,1980-12-18,Female
783,2015-04-27 11:34:20,1,1992-06-14,Female
784,2015-04-27 11:34:42,1,0000-00-00,Female
785,2015-04-27 11:35:38,1,1990-11-18,Male
786,2015-04-27 11:35:54,1,1986-09-20,Male
787,2015-04-27 11:37:02,1,1983-04-11,Male
788,2015-04-27 11:39:05,1,1991-07-03,Male
789,2015-04-27 11:42:54,1,1986-08-14,Female
790,2015-04-27 11:51:04,1,1984-09-19,Male
791,2015-04-27 11:51:05,1,1983-09-29,Male
792,2015-04-27 11:55:22,1,0000-00-00,Male
793,2015-04-27 11:56:31,1,1989-12-21,Male
794,2015-04-27 11:58:28,1,1987-10-04,Male
795,2015-04-27 11:59:08,1,0000-00-00,Male
796,2015-04-27 12:00:29,1,0000-00-00,Male
797,2015-04-27 12:00:44,1,0000-00-00,Male
798,2015-04-27 12:01:01,1,1991-09-11,Female
799,2015-04-27 12:01:38,1,0000-00-00,Female
800,2015-04-27 12:02:02,1,1982-06-12,Male
801,2015-04-27 12:03:32,0,1983-12-23,Female
802,2015-04-27 12:04:50,1,1986-12-01,Female
803,2015-04-27 12:07:12,1,0000-00-00,Female
804,2015-04-27 12:07:26,1,0000-00-00,Female
805,2015-04-27 12:09:51,1,1987-12-05,Male
806,2015-04-27 12:10:19,1,1969-02-02,Male
807,2015-04-27 12:11:05,1,1977-03-17,Male
808,2015-04-27 12:11:37,1,1991-11-05,Male
809,2015-04-27 12:14:06,1,1979-10-04,Male
810,2015-04-27 12:14:24,0,1991-04-01,Female
811,2015-04-27 12:17:45,0,1991-10-14,Female
812,2015-04-27 12:17:55,1,1985-12-27,Female
813,2015-04-27 12:17:56,1,1990-03-25,Male
814,2015-04-27 12:19:34,1,1982-05-15,Male
815,2015-04-27 12:22:34,1,1991-10-14,Female
816,2015-04-27 12:24:50,1,1984-01-16,Male
817,2015-04-27 12:26:19,1,1984-11-27,Female
818,2015-04-27 12:28:32,1,1988-11-15,Male
819,2015-04-27 12:29:16,1,0000-00-00,Male
820,2015-04-27 12:30:48,1,1981-09-07,Male
821,2015-04-27 12:33:10,1,1974-08-27,Female
822,2015-04-27 12:33:38,1,1976-08-20,Male
823,2015-04-27 12:34:09,0,1989-01-01,Male
824,2015-04-27 12:37:10,1,0000-00-00,Male
825,2015-04-27 12:43:54,1,1987-03-21,Female
826,2015-04-27 12:44:50,1,1988-10-27,Male
827,2015-04-27 12:45:16,1,1988-09-11,Male
828,2015-04-27 12:49:10,0,1976-08-20,Male
829,2015-04-27 12:53:20,1,1986-02-10,Male
830,2015-04-27 12:53:33,1,1988-09-27,Female
831,2015-04-27 12:53:33,0,1992-04-22,Female
832,2015-04-27 12:54:07,1,1982-12-12,Male
833,2015-04-27 12:54:22,1,0000-00-00,Male
834,2015-04-27 12:58:30,0,1987-01-27,Female
835,2015-04-27 12:59:46,1,1975-04-26,Male
836,2015-04-27 13:01:12,0,1979-10-25,Female
837,2015-04-27 13:01:20,1,1989-07-07,Female
838,2015-04-27 13:03:08,0,1983-09-17,Male
839,2015-04-27 13:03:50,1,1990-11-21,Male
840,2015-04-27 13:04:00,1,1981-12-25,Male
841,2015-04-27 13:04:03,1,1989-06-11,Male
842,2015-04-27 13:04:17,0,1977-12-06,Male
843,2015-04-27 13:05:04,1,1985-08-26,Female
844,2015-04-27 13:05:47,0,1988-02-15,Female
845,2015-04-27 13:06:07,1,0000-00-00,Female
846,2015-04-27 13:07:58,1,1991-04-01,Female
847,2015-04-27 13:08:25,1,1997-02-11,Female
848,2015-04-27 13:08:41,1,1983-12-21,Male
849,2015-04-27 13:09:21,1,1998-03-18,Male
850,2015-04-27 13:09:23,1,1985-06-05,Male
851,2015-04-27 13:11:13,1,1987-01-27,Male
852,2015-04-27 13:13:31,0,1988-01-19,Female
853,2015-04-27 13:17:57,1,1976-12-17,Male
854,2015-04-27 13:22:32,1,1987-12-04,Male
855,2015-04-27 13:22:37,1,1990-12-05,Female
856,2015-04-27 13:27:06,1,1992-02-27,Female
857,2015-04-27 13:28:43,1,1994-01-31,Male
858,2015-04-27 13:35:53,1,0000-00-00,Male
859,2015-04-27 13:38:28,0,1985-01-22,Male
860,2015-04-27 13:40:11,1,1988-03-20,Female
861,2015-04-27 13:41:05,1,1978-12-14,Male
862,2015-04-27 13:41:10,1,1991-08-10,Male
863,2015-04-27 13:42:34,1,1987-07-23,Female
864,2015-04-27 13:44:20,1,1986-12-13,Male
865,2015-04-27 13:44:22,1,1986-12-25,Male
866,2015-04-27 13:44:52,1,1983-11-13,Female
867,2015-04-27 13:46:40,0,1986-08-04,Male
868,2015-04-27 13:47:00,1,0000-00-00,Male
869,2015-04-27 13:49:30,1,0000-00-00,Male
870,2015-04-27 13:51:14,1,1975-02-25,Male
871,2015-04-27 13:54:24,1,1977-09-25,Female
872,2015-04-27 13:58:50,1,1975-08-23,Male
873,2015-04-27 13:59:39,1,1986-02-09,Male
874,2015-04-27 14:00:40,1,1978-03-21,Male
875,2015-04-27 14:05:27,1,1986-09-01,Male
876,2015-04-27 14:07:19,1,1985-09-17,Male
877,2015-04-27 14:10:33,1,0000-00-00,Male
878,2015-04-27 14:11:43,1,1980-08-02,Male
879,2015-04-27 14:17:39,1,1985-08-07,Male
880,2015-04-27 14:20:48,1,1987-02-23,Female
881,2015-04-27 14:29:52,1,0000-00-00,Female
882,2015-04-27 14:35:22,0,1990-11-20,Female
883,2015-04-27 14:42:06,1,1990-03-29,Male
884,2015-04-27 14:44:17,1,0000-00-00,Male
885,2015-04-27 14:45:28,1,1979-12-08,Female
886,2015-04-27 14:49:35,1,0000-00-00,Female
887,2015-04-27 14:53:48,1,0000-00-00,Female
888,2015-04-27 15:01:01,1,1987-02-10,Female
889,2015-04-27 15:01:17,1,1979-09-03,Male
890,2015-04-27 15:02:05,0,1982-03-22,Male
891,2015-04-27 15:07:35,1,0000-00-00,Male
892,2015-04-27 15:10:48,1,0000-00-00,Male
893,2015-04-27 15:10:48,0,1983-11-23,Female
894,2015-04-27 15:12:51,1,1986-01-07,Male
895,2015-04-27 15:14:22,1,1987-03-16,Male
896,2015-04-27 15:15:09,1,1985-10-01,Male
897,2015-04-27 15:15:49,1,1991-05-10,Female
898,2015-04-27 15:16:33,1,1986-01-26,Male
899,2015-04-27 15:18:35,0,1986-06-02,Male
900,2015-04-27 15:19:11,1,1987-04-09,Female
901,2015-04-27 15:30:21,0,1983-11-23,Female
902,2015-04-27 15:31:18,0,1988-10-17,Female
903,2015-04-27 15:32:11,1,1991-06-15,Male
904,2015-04-27 15:33:59,0,1987-08-14,Female
905,2015-04-27 15:36:28,0,1982-07-05,Female
906,2015-04-27 15:39:01,1,1993-01-19,Male
907,2015-04-27 15:39:21,0,1982-11-30,Male
908,2015-04-27 15:40:09,0,1987-03-12,Male
909,2015-04-27 15:45:20,0,1971-06-29,Male
910,2015-04-27 15:47:00,0,1988-10-17,Female
911,2015-04-27 15:47:51,1,1974-09-23,Male
912,2015-04-27 15:51:54,0,1976-08-30,Male
913,2015-04-27 15:55:44,1,1986-03-23,Male
914,2015-04-27 15:56:23,0,1987-01-12,Male
915,2015-04-27 15:58:57,1,0000-00-00,Male
916,2015-04-27 16:07:29,1,1984-12-23,Female
917,2015-04-27 16:10:16,1,1975-01-20,Female
918,2015-04-27 16:11:49,1,1988-10-17,Female
919,2015-04-27 16:12:53,0,1987-01-12,Male
920,2015-04-27 16:13:58,1,1990-10-30,Female
921,2015-04-27 16:17:42,1,1988-05-03,Female
922,2015-04-27 16:19:14,1,1969-08-10,Male
923,2015-04-27 16:20:43,1,1983-06-03,Male
924,2015-04-27 16:24:24,1,1993-04-29,Male
925,2015-04-27 16:25:50,1,1990-01-10,Male
926,2015-04-27 16:28:18,1,1987-11-17,Female
927,2015-04-27 16:28:28,1,1986-07-06,Female
928,2015-04-27 16:36:02,1,0000-00-00,NULL
929,2015-04-27 16:38:01,1,1988-07-26,Male
930,2015-04-27 16:49:08,1,1983-08-26,Male
931,2015-04-27 16:50:07,0,1992-07-06,Male
932,2015-04-27 16:58:00,1,1990-03-28,Male
933,2015-04-27 16:59:54,1,1982-09-28,Male
934,2015-04-27 17:00:36,1,1986-03-25,Female
935,2015-04-27 17:02:05,0,1986-07-30,Female
936,2015-04-27 17:02:49,1,1982-07-17,Female
937,2015-04-27 17:03:07,1,1983-09-25,Male
938,2015-04-27 17:08:54,0,1991-02-17,Female
939,2015-04-27 17:10:25,1,0000-00-00,Female
940,2015-04-27 17:14:46,1,1987-08-30,Female
941,2015-04-27 17:15:10,1,1985-10-12,Male
942,2015-04-27 17:17:13,1,1990-01-27,Male
943,2015-04-27 17:26:46,1,1983-07-21,Male
944,2015-04-27 17:27:28,1,1989-01-10,Male
945,2015-04-27 17:34:42,0,1987-02-10,Female
946,2015-04-27 17:35:51,0,1987-06-20,Male
947,2015-04-27 17:37:54,0,1987-06-20,Male
948,2015-04-27 17:39:54,1,1982-01-27,Male
949,2015-04-27 17:40:40,1,1984-10-08,Male
950,2015-04-27 17:42:47,1,1983-03-07,Male
951,2015-04-27 17:44:53,0,1988-02-19,Male
952,2015-04-27 17:46:15,1,1986-04-15,Female
953,2015-04-27 17:46:38,0,1980-09-23,Female
954,2015-04-27 17:47:24,1,1994-04-09,Female
955,2015-04-27 17:54:07,1,1988-07-30,Female
956,2015-04-27 17:54:48,1,1983-02-24,Male
957,2015-04-27 17:56:31,0,1994-05-19,Male
958,2015-04-27 17:57:34,0,1989-01-03,Female
959,2015-04-27 18:00:11,1,1978-01-06,Male
960,2015-04-27 18:06:37,1,0000-00-00,Male
961,2015-04-27 18:08:15,1,1984-06-14,Male
962,2015-04-27 18:09:47,1,1981-01-02,Male
963,2015-04-27 18:12:04,1,1982-01-10,Male
964,2015-04-27 18:20:30,1,1982-04-18,Male
965,2015-04-27 18:24:21,1,1989-06-21,Male
966,2015-04-27 18:29:20,0,1985-05-23,Male
967,2015-04-27 18:32:21,0,1995-01-01,Male
968,2015-04-27 18:33:53,0,1991-11-13,Female
969,2015-04-27 18:38:42,0,1963-10-29,Male
970,2015-04-27 18:43:05,1,1986-01-08,Male
971,2015-04-27 18:45:13,1,1987-01-01,Male
972,2015-04-27 18:45:18,1,1990-09-17,Male
973,2015-04-27 18:50:14,1,1986-09-11,Male
974,2015-04-27 18:57:38,0,1988-12-16,Female
975,2015-04-27 19:02:13,1,1989-03-01,Male
976,2015-04-27 19:03:24,1,1986-12-06,Male
977,2015-04-27 19:03:41,1,1978-08-22,Female
978,2015-04-27 19:04:42,1,1987-01-01,Male
979,2015-04-27 19:11:47,1,0000-00-00,Male
980,2015-04-27 19:12:00,1,1985-06-01,Female
981,2015-04-27 19:12:45,1,1988-12-16,Female
982,2015-04-27 19:14:47,1,1991-11-13,Female
983,2015-04-27 19:16:25,1,1990-04-16,Female
984,2015-04-27 19:17:06,1,1992-06-19,Male
985,2015-04-27 19:20:47,1,1992-06-16,Female
986,2015-04-27 19:31:24,0,1984-02-07,Male
987,2015-04-27 19:32:38,0,1974-11-25,Female
988,2015-04-27 19:34:17,1,1989-11-11,Male
989,2015-04-27 19:43:10,1,1985-11-09,Male
990,2015-04-27 19:45:42,1,1975-01-12,Male
991,2015-04-27 20:03:22,1,1988-06-26,Female
992,2015-04-27 20:03:48,1,1992-01-03,Male
993,2015-04-27 20:04:24,1,1986-05-28,Male
994,2015-04-27 20:04:26,1,1988-08-31,Male
995,2015-04-27 20:06:07,1,1987-08-17,Male
996,2015-04-27 20:06:53,1,1987-01-03,Female
997,2015-04-27 20:07:12,0,1983-04-05,Male
998,2015-04-27 20:07:32,0,1989-03-19,Male
999,2015-04-27 20:09:03,0,1985-12-11,Female
1000,2015-04-27 20:09:44,1,0000-00-00,Female
1001,2015-04-27 20:10:18,0,1994-08-17,Male
1002,2015-04-27 20:11:47,1,1991-08-23,Male
1003,2015-04-27 20:11:55,0,1988-10-03,Female
1004,2015-04-27 20:12:28,1,1988-05-09,Male
1005,2015-04-27 20:13:39,1,1988-10-28,Male
1006,2015-04-27 20:14:54,0,1985-11-16,Female
1007,2015-04-27 20:16:18,1,1978-03-20,Male
1008,2015-04-27 20:17:51,1,0000-00-00,Male
1009,2015-04-27 20:22:54,1,1988-03-06,Male
1010,2015-04-27 20:26:44,1,1989-03-19,Male
1011,2015-04-27 20:27:36,0,1985-07-13,Female
1012,2015-04-27 20:29:26,0,1987-10-05,Female
1013,2015-04-27 20:31:32,1,0000-00-00,Female
1014,2015-04-27 20:33:26,1,1987-10-07,Female
1015,2015-04-27 20:34:44,0,1987-10-03,Female
1016,2015-04-27 20:38:58,1,0000-00-00,Female
1017,2015-04-27 20:40:33,1,1983-11-07,Male
1018,2015-04-27 20:47:45,1,1986-09-21,Male
1019,2015-04-27 20:51:50,1,1976-01-25,Female
1020,2015-04-27 20:53:13,1,1986-02-07,Female
1021,2015-04-27 20:53:39,1,1985-02-06,Female
1022,2015-04-27 20:56:20,0,1989-04-07,Male
1023,2015-04-27 21:00:16,1,1983-08-08,Female
1024,2015-04-27 21:02:00,0,1990-07-08,Female
1025,2015-04-27 21:05:55,0,1984-10-28,Male
1026,2015-04-27 21:11:31,0,1981-06-20,Female
1027,2015-04-27 21:15:26,1,1992-03-18,Male
1028,2015-04-27 21:20:27,0,1984-12-13,Male
1029,2015-04-27 21:28:52,1,1982-01-30,Male
1030,2015-04-27 21:32:51,1,1980-02-09,Male
1031,2015-04-27 21:34:48,1,1987-01-19,Male
1032,2015-04-27 21:36:04,0,1983-08-08,Female
1033,2015-04-27 21:41:53,1,1981-03-25,Female
1034,2015-04-27 21:43:58,1,1980-03-15,Male
1035,2015-04-27 21:46:04,1,1994-04-04,Male
1036,2015-04-27 21:48:26,1,1986-03-26,Male
1037,2015-04-27 21:50:45,0,1992-04-15,Female
1038,2015-04-27 21:52:46,1,0000-00-00,Male
1039,2015-04-27 21:53:12,1,0000-00-00,Female
1040,2015-04-27 21:54:52,0,1976-12-02,Male
1041,2015-04-27 21:57:07,0,1983-10-06,Male
1042,2015-04-27 22:01:19,0,1988-05-03,Female
1043,2015-04-27 22:03:24,1,1983-04-13,Male
1044,2015-04-27 22:03:59,1,1983-10-23,Male
1045,2015-04-27 22:05:19,0,1981-11-25,Female
1046,2015-04-27 22:06:48,0,1986-03-15,Female
1047,2015-04-27 22:11:58,1,1988-10-30,Female
1048,2015-04-27 22:16:58,1,1980-09-16,Male
1049,2015-04-27 22:20:15,1,1979-10-08,Male
1050,2015-04-27 22:25:52,1,0000-00-00,Male
1051,2015-04-27 22:26:14,1,1987-01-03,Male
1052,2015-04-27 22:26:31,1,1972-01-27,Male
1053,2015-04-27 22:31:35,0,1989-04-27,Male
1054,2015-04-27 22:32:35,1,1989-09-08,Male
1055,2015-04-27 22:35:12,1,0000-00-00,Male
1056,2015-04-27 22:36:25,1,1981-04-24,Female
1057,2015-04-27 22:44:38,0,1987-03-13,Female
1058,2015-04-27 22:45:38,1,1987-01-09,Female
1059,2015-04-27 22:47:26,0,1988-05-07,Female
1060,2015-04-27 22:48:49,0,1982-03-06,Male
1061,2015-04-27 22:50:09,1,1987-03-13,Female
1062,2015-04-27 22:56:07,0,1992-01-15,Male
1063,2015-04-27 22:57:52,0,1991-07-04,Male
1064,2015-04-27 23:06:12,0,1992-11-10,Female
1065,2015-04-27 23:16:48,0,1984-01-28,Male
1066,2015-04-27 23:18:01,1,0000-00-00,Male
1067,2015-04-27 23:30:13,0,1989-09-23,Male
1068,2015-04-27 23:33:22,1,1980-11-04,Male
1069,2015-04-27 23:34:35,1,1982-06-22,Male
1070,2015-04-27 23:36:10,1,1990-07-11,Male
1071,2015-04-27 23:37:50,1,1990-05-02,Male
1072,2015-04-27 23:43:47,0,1989-06-16,Male
1073,2015-04-27 23:45:18,1,1971-10-20,Male
1074,2015-04-27 23:45:40,0,1990-07-13,Male
1075,2015-04-27 23:46:35,1,1983-01-17,Male
1076,2015-04-27 23:47:10,0,1992-05-14,Male
1077,2015-04-27 23:54:43,1,1981-02-07,Male
1078,2015-04-28 00:05:55,1,1987-04-08,Male
1079,2015-04-28 00:06:12,1,1990-01-10,Male
1080,2015-04-28 00:12:23,1,1989-01-31,Male
1081,2015-04-28 00:14:53,0,1986-04-04,Male
1082,2015-04-28 00:21:53,1,1988-02-19,Male
1083,2015-04-28 00:38:10,1,1989-09-28,Male
1084,2015-04-28 01:02:16,1,1990-08-26,Male
1085,2015-04-28 01:09:03,1,1985-03-31,Male
1086,2015-04-28 01:09:04,1,1990-11-14,Male
1087,2015-04-28 01:20:05,1,1977-01-01,Male
1088,2015-04-28 01:31:09,1,0000-00-00,Male
1089,2015-04-28 01:42:10,1,1987-01-20,Male
1090,2015-04-28 01:44:40,1,1991-08-02,Male
1091,2015-04-28 01:48:08,1,1989-02-02,Male
1092,2015-04-28 02:07:11,1,1978-01-24,Male
1093,2015-04-28 02:12:20,1,1988-09-11,Male
1094,2015-04-28 02:13:33,1,0000-00-00,Male
1095,2015-04-28 02:47:17,1,1991-06-12,Male
1096,2015-04-28 02:50:13,1,1986-09-16,Male
1097,2015-04-28 03:02:39,1,1992-08-03,Male
1098,2015-04-28 06:44:20,1,0000-00-00,Male
1099,2015-04-28 07:01:23,1,0000-00-00,Male
1100,2015-04-28 07:26:22,1,1982-03-02,Male
1101,2015-04-28 07:26:55,1,1993-10-06,Male
1102,2015-04-28 07:31:45,1,1984-01-01,Female
1103,2015-04-28 07:34:13,1,1982-12-15,Male
1104,2015-04-28 07:40:33,1,1990-12-12,Male
1105,2015-04-28 08:05:28,1,1990-04-25,Male
1106,2015-04-28 08:11:47,1,2002-04-28,Male
1107,2015-04-28 08:19:28,1,1986-01-01,Male
1108,2015-04-28 08:21:44,1,1992-01-17,Male
1109,2015-04-28 08:27:53,1,1987-05-07,Male
1110,2015-04-28 08:33:53,1,1992-05-15,Male
1111,2015-04-28 08:44:52,0,1990-12-17,Male
1112,2015-04-28 08:44:55,1,1987-06-09,Male
1113,2015-04-28 08:48:18,1,1987-04-06,Male
1114,2015-04-28 08:48:31,1,1989-06-09,Male
1115,2015-04-28 08:49:38,1,1983-12-19,Male
1116,2015-04-28 08:49:59,0,1989-09-01,Male
1117,2015-04-28 08:50:23,0,1978-05-05,Male
1118,2015-04-28 08:52:08,1,1990-10-15,Male
1119,2015-04-28 08:53:55,0,1984-09-23,Male
1120,2015-04-28 08:55:12,1,1982-02-03,Male
1121,2015-04-28 08:58:40,1,1984-09-23,Male
1122,2015-04-28 09:02:20,1,0000-00-00,Male
1123,2015-04-28 09:04:17,0,1986-05-14,Male
1124,2015-04-28 09:05:26,1,1986-11-30,Male
1125,2015-04-28 09:05:35,1,1989-11-03,Female
1126,2015-04-28 09:11:05,1,1985-08-28,Female
1127,2015-04-28 09:17:20,1,0000-00-00,Female
1128,2015-04-28 09:21:36,1,1975-03-02,Male
1129,2015-04-28 09:25:06,0,1987-05-25,Male
1130,2015-04-28 09:29:43,1,1984-05-19,Male
1131,2015-04-28 09:31:01,0,1986-05-14,Male
1132,2015-04-28 09:31:21,0,1982-03-06,Male
1133,2015-04-28 09:33:34,1,1981-11-20,Female
1134,2015-04-28 09:34:22,0,1987-07-13,Male
1135,2015-04-28 09:35:32,0,1992-09-30,Male
1136,2015-04-28 09:36:03,1,1987-05-25,Male
1137,2015-04-28 09:37:09,1,1985-02-02,Female
1138,2015-04-28 09:38:17,1,1987-12-18,Female
1139,2015-04-28 09:40:50,1,1978-05-30,Male
1140,2015-04-28 09:42:14,1,1985-11-05,Male
1141,2015-04-28 09:44:22,1,0000-00-00,Male
1142,2015-04-28 09:44:28,1,1973-10-23,Female
1143,2015-04-28 09:46:51,0,1987-07-13,Male
1144,2015-04-28 09:47:04,1,1986-05-14,Male
1145,2015-04-28 09:47:21,0,1986-03-10,Male
1146,2015-04-28 09:50:47,1,1988-11-12,Male
1147,2015-04-28 09:50:56,1,1986-01-01,Female
1148,2015-04-28 09:54:35,1,0000-00-00,Female
1149,2015-04-28 09:58:58,0,1982-06-29,Male
1150,2015-04-28 10:06:56,1,0000-00-00,Male
1151,2015-04-28 10:08:02,1,1980-07-25,Male
1152,2015-04-28 10:16:12,1,1987-08-07,Male
1153,2015-04-28 10:17:02,1,1985-05-25,Female
1154,2015-04-28 10:22:10,1,1991-06-21,Female
1155,2015-04-28 10:22:31,0,1991-11-02,Female
1156,2015-04-28 10:24:20,1,1976-03-12,Male
1157,2015-04-28 10:28:00,1,1975-10-30,Female
1158,2015-04-28 10:34:30,1,1985-10-13,Female
1159,2015-04-28 10:35:55,1,1988-03-17,Male
1160,2015-04-28 10:42:34,1,0000-00-00,Male
1161,2015-04-28 10:43:11,1,0000-00-00,Male
1162,2015-04-28 10:43:15,1,1990-10-10,Male
1163,2015-04-28 10:46:47,0,1984-06-24,Female
1164,2015-04-28 10:47:47,1,1978-08-24,Male
1165,2015-04-28 10:48:47,1,1971-02-18,Female
1166,2015-04-28 10:52:39,1,1989-09-29,Male
1167,2015-04-28 10:52:44,1,1984-03-06,Female
1168,2015-04-28 10:53:27,1,1990-10-20,Female
1169,2015-04-28 10:54:05,0,1985-05-30,Male
1170,2015-04-28 10:55:03,1,1985-05-19,Male
1171,2015-04-28 10:55:19,0,1980-12-14,Male
1172,2015-04-28 10:58:44,1,1984-11-25,Female
1173,2015-04-28 11:02:28,1,1982-10-18,Male
1174,2015-04-28 11:03:02,0,1985-08-14,Male
1175,2015-04-28 11:03:28,0,1988-09-01,Female
1176,2015-04-28 11:08:54,0,1970-01-18,Male
1177,2015-04-28 11:09:29,1,0000-00-00,NULL
1178,2015-04-28 11:12:06,1,1989-09-29,Male
1179,2015-04-28 11:15:27,1,1970-11-05,Male
1180,2015-04-28 11:21:08,0,1969-10-22,Male
1181,2015-04-28 11:24:33,1,1985-05-02,Male
1182,2015-04-28 11:24:52,1,1976-05-25,Male
1183,2015-04-28 11:25:11,1,1989-01-17,Female
1184,2015-04-28 11:29:07,0,1992-04-02,Female
1185,2015-04-28 11:29:50,1,0000-00-00,Female
1186,2015-04-28 11:30:50,1,1984-12-14,Female
1187,2015-04-28 11:45:12,1,1981-09-18,Female
1188,2015-04-28 11:45:52,1,1984-10-28,Male
1189,2015-04-28 11:49:16,0,1985-10-13,Female
1190,2015-04-28 11:51:45,0,1984-05-14,Female
1191,2015-04-28 11:54:35,0,1985-10-13,Female
1192,2015-04-28 11:57:09,1,1977-08-09,Male
1193,2015-04-28 11:58:01,1,1988-09-29,Male
1194,2015-04-28 12:02:46,1,1982-06-27,Male
1195,2015-04-28 12:03:27,1,1986-01-26,Female
1196,2015-04-28 12:05:10,1,1986-02-07,Male
1197,2015-04-28 12:05:23,1,1990-02-04,Male
1198,2015-04-28 12:07:15,1,1984-10-06,Male
1199,2015-04-28 12:18:03,0,1987-06-29,Male
1200,2015-04-28 12:26:27,1,1992-06-09,Female
